granularity,percentile,uncalibrated,percentile - uncalibrated
per_channel,1.8210693936878801,1.8162851950253849,0.004784198662495243
