granularity,uncalibrated,percentile
per_tensor,6.472058333333334,
per_channel,7.905167666666666,7.9066703333333335
