granularity,uncalibrated,percentile
per_tensor,7.523751495709486,
per_channel,1.8162851950253849,1.8210693936878801
